text,category
CloudPeak launched a beta version of its wearable device featuring new battery functions.,tech
Lawmakers debated the proposed healthcare bill in a heated parliamentary session.,politics
Fans were thrilled as the actress revealed the trailer for the upcoming musical.,entertainment
Developers praised the updated cloud platform for its enhanced camera tools.,tech
"The film festival award nominations were announced, with musical leading the pack.",entertainment
The election commission confirmed the results of the national security vote on Friday.,politics
Stock markets fell today as investors reacted to news about the housing market.,business
The star goalkeeper scored twice as City United won the season opener final.,sports
The cast of the album shared behind-the-scenes stories at the press event.,entertainment
the Tigers secured a narrow victory against the Lions in last night's cup final.,sports
Investors remain confident about the company's investment outlook for next quarter.,business
Stock markets rallied today as investors reacted to news about trade tariffs.,business
the singer won the industry award for their performance in the acclaimed musical.,entertainment
Lawmakers debated the proposed healthcare bill in a heated parliamentary session.,politics
"The Acme Corp reported a significant rise in quarterly profit, beating analyst expectations.",business
Lawmakers debated the proposed immigration bill in a heated parliamentary session.,politics
Lawmakers debated the proposed labor bill in a heated parliamentary session.,politics
The new biopic directed by the comedian premiered to glowing reviews this weekend.,entertainment
The cast of the musical shared behind-the-scenes stories at the press event.,entertainment
Protesters gathered outside parliament demanding action on the budget deficit.,politics
Global Tech Inc announced a new sales strategy aimed at boosting the housing market.,business
The the local mayor announced a new tax plan during today's press conference.,politics
Acme Corp shares fell after the company posted modest earnings for the investment.,business
The election commission confirmed the results of the the budget deficit vote on Friday.,politics
The latest processing breakthrough could reshape how we use wearable device.,tech
Fans were thrilled as the director revealed the trailer for the upcoming film.,entertainment
the Tigers secured a dramatic victory against Westport FC in last night's championship.,sports
"The Nova Industries reported a significant rise in quarterly investment, beating analyst expectations.",business
Investors remain optimistic about the company's revenue outlook for next quarter.,business
Fans celebrated as the Falcons clinched the derby title for the first time in years.,sports
Economists warn that rising inflation could affect investment growth next year.,business
Injury concerns loom over Northside FC ahead of their crucial cup final match.,sports
Fans celebrated as the Tigers clinched the cup final title for the first time in years.,sports
The latest battery breakthrough could reshape how we use cloud platform.,tech
The cast of the documentary shared behind-the-scenes stories at the press event.,entertainment
CloudPeak unveiled its latest laptop with improved artificial intelligence capabilities.,tech
The election commission confirmed the results of the the budget deficit vote on Friday.,politics
Opposition parties called for a review of the climate policy amid public concern.,politics
Economists warn that rising the housing market could affect export growth next year.,business
The the President met with foreign leaders to discuss national security cooperation.,politics
"The film festival award nominations were announced, with documentary leading the pack.",entertainment
Northside FC and the Lions played to a thrilling draw in a closely contested playoff game.,sports
Analysts say CloudPeak's investment in battery signals a shift in the laptop market.,tech
Economists warn that rising interest rates could affect export growth next year.,business
Opposition parties called for a review of the immigration policy amid public concern.,politics
BlueSky Retail announced a new revenue strategy aimed at boosting interest rates.,business
The the Prime Minister met with foreign leaders to discuss national security cooperation.,politics
the Warriors coach praised the squad's performance after their win in the league match.,sports
Investors remain confident about the company's profit outlook for next quarter.,business
ByteWorks faces scrutiny over data privacy concerns tied to its AI assistant.,tech
Investors remain optimistic about the company's budget outlook for next quarter.,business
Injury concerns loom over the Falcons ahead of their crucial cup final match.,sports
Silverline Bank announced a new export strategy aimed at boosting trade tariffs.,business
Riverside Athletic secured a comfortable victory against Metro City in last night's cup final.,sports
The election commission confirmed the results of the public spending vote on Friday.,politics
Economists warn that rising inflation could affect export growth next year.,business
The new laptop promises faster security performance than its predecessor.,tech
Fans celebrated as City United clinched the league match title for the first time in years.,sports
Opposition parties called for a review of the tax policy amid public concern.,politics
the opposition leader faced criticism over the government's handling of the coalition talks.,politics
The new cloud platform promises faster cloud storage performance than its predecessor.,tech
Fans were thrilled as the singer revealed the trailer for the upcoming film.,entertainment
Fans celebrated as the Warriors clinched the cup final title for the first time in years.,sports
the President faced criticism over the government's handling of the referendum.,politics
the pop star won the critics' choice award for their performance in the acclaimed film.,entertainment
the actress won the film festival award for their performance in the acclaimed documentary.,entertainment
The transfer window saw Northside FC sign a promising young midfielder.,sports
Critics called the new album a mixed addition to the genre.,entertainment
ByteWorks launched a beta version of its cloud platform featuring new artificial intelligence functions.,tech
The election commission confirmed the results of the the coalition talks vote on Friday.,politics
Nova Industries announced a new export strategy aimed at boosting inflation.,business
Trade talks between major economies focused on currency exchange and investment regulations.,business
A new climate reform was passed after months of negotiation in parliament.,politics
The latest artificial intelligence breakthrough could reshape how we use smartphone.,tech
the President faced criticism over the government's handling of the budget deficit.,politics
the pop star won the film festival award for their performance in the acclaimed musical.,entertainment
the pop star announced a world tour to promote their latest musical.,entertainment
The the Prime Minister announced a new climate plan during today's press conference.,politics
"The industry award nominations were announced, with biopic leading the pack.",entertainment
The the Finance Minister met with foreign leaders to discuss national security cooperation.,politics
The new laptop promises faster cloud storage performance than its predecessor.,tech
Investors remain uncertain about the company's export outlook for next quarter.,business
the Warriors secured a narrow victory against the Sharks in last night's season opener.,sports
City United and the Eagles played to a thrilling draw in a closely contested season opener.,sports
the singer announced a world tour to promote their latest album.,entertainment
The the opposition leader met with foreign leaders to discuss the referendum cooperation.,politics
ByteWorks announced a partnership to advance camera technology.,tech
The transfer window saw the Warriors sign a promising young defender.,sports
the local mayor faced criticism over the government's handling of national security.,politics
Lawmakers debated the proposed labor bill in a heated parliamentary session.,politics
Stock markets slipped today as investors reacted to news about trade tariffs.,business
the Finance Minister faced criticism over the government's handling of the budget deficit.,politics
The new documentary directed by the singer premiered to mixed reviews this weekend.,entertainment
Riverside Athletic secured a last-minute victory against Oakland Rovers in last night's season opener.,sports
The new musical directed by the comedian premiered to glowing reviews this weekend.,entertainment
the pop star won the film festival award for their performance in the acclaimed TV series.,entertainment
the comedian won the film festival award for their performance in the acclaimed TV series.,entertainment
The new biopic directed by the singer premiered to rave reviews this weekend.,entertainment
Nova Industries announced a new budget strategy aimed at boosting inflation.,business
The new film directed by the actress premiered to enthusiastic reviews this weekend.,entertainment
The new smartphone promises faster artificial intelligence performance than its predecessor.,tech
Fans were thrilled as the pop star revealed the trailer for the upcoming documentary.,entertainment
ByteWorks announced a partnership to advance camera technology.,tech
The election commission confirmed the results of the the referendum vote on Friday.,politics
The latest battery breakthrough could reshape how we use wearable device.,tech
Stock markets slipped today as investors reacted to news about oil prices.,business
the director signed on to star in a highly anticipated new film.,entertainment
The new film directed by the actress premiered to mixed reviews this weekend.,entertainment
The new AI assistant promises faster processing performance than its predecessor.,tech
The the opposition leader met with foreign leaders to discuss the coalition talks cooperation.,politics
The latest battery breakthrough could reshape how we use smartphone.,tech
Riverside Athletic coach praised the squad's performance after their win in the league match.,sports
the actress announced a world tour to promote their latest film.,entertainment
"The film festival award nominations were announced, with TV series leading the pack.",entertainment
Stock markets rallied today as investors reacted to news about oil prices.,business
City United coach praised the squad's performance after their win in the championship.,sports
the Tigers and the Eagles played to a thrilling draw in a closely contested season opener.,sports
Quantix Labs unveiled its latest AI assistant with improved camera capabilities.,tech
the President faced criticism over the government's handling of the budget deficit.,politics
"The music award nominations were announced, with biopic leading the pack.",entertainment
Quantix Labs announced a partnership to advance security technology.,tech
ByteWorks faces scrutiny over data privacy concerns tied to its cloud platform.,tech
Protesters gathered outside parliament demanding action on public spending.,politics
The the opposition leader announced a new education plan during today's press conference.,politics
"The Global Tech Inc reported a modest rise in quarterly sales, beating analyst expectations.",business
the Falcons secured a last-minute victory against the Eagles in last night's derby.,sports
CloudPeak faces scrutiny over data privacy concerns tied to its smartphone.,tech
the President faced criticism over the government's handling of national security.,politics
Quantix Labs faces scrutiny over data privacy concerns tied to its wearable device.,tech
Acme Corp announced a new investment strategy aimed at boosting interest rates.,business
Injury concerns loom over City United ahead of their crucial season opener match.,sports
Stock markets rallied today as investors reacted to news about trade tariffs.,business
Economists warn that rising the housing market could affect export growth next year.,business
NexGen Systems announced a partnership to advance processing technology.,tech
The latest cloud storage breakthrough could reshape how we use cloud platform.,tech
The star captain scored twice as the Warriors won the league match final.,sports
The central bank decided to cut interest rates amid concerns over oil prices.,business
BlueSky Retail announced a new profit strategy aimed at boosting oil prices.,business
NexGen Systems announced a partnership to advance battery technology.,tech
The central bank decided to cut interest rates amid concerns over the housing market.,business
Opposition parties called for a review of the immigration policy amid public concern.,politics
The election commission confirmed the results of the the budget deficit vote on Friday.,politics
the pop star won the critics' choice award for their performance in the acclaimed album.,entertainment
the Tigers and the Lions played to a thrilling draw in a closely contested league match.,sports
Investors remain uncertain about the company's export outlook for next quarter.,business
The latest cloud storage breakthrough could reshape how we use smartphone.,tech
Stock markets slipped today as investors reacted to news about oil prices.,business
Stock markets climbed today as investors reacted to news about oil prices.,business
The new TV series directed by the actress premiered to lukewarm reviews this weekend.,entertainment
Fans were thrilled as the pop star revealed the trailer for the upcoming album.,entertainment
Quantix Labs faces scrutiny over data privacy concerns tied to its wearable device.,tech
Silverline Bank shares climbed after the company posted record earnings for the investment.,business
Acme Corp announced a new investment strategy aimed at boosting oil prices.,business
the Falcons and Westport FC played to a thrilling draw in a closely contested playoff game.,sports
Protesters gathered outside parliament demanding action on the referendum.,politics
Analysts say ByteWorks's investment in processing signals a shift in the cloud platform market.,tech
Nova Industries announced a new revenue strategy aimed at boosting interest rates.,business
The central bank decided to cut interest rates amid concerns over the housing market.,business
the director signed on to star in a highly anticipated new album.,entertainment
The cast of the album shared behind-the-scenes stories at the press event.,entertainment
The new cloud platform promises faster security performance than its predecessor.,tech
Injury concerns loom over the Tigers ahead of their crucial playoff game match.,sports
"The Silverline Bank reported a significant rise in quarterly investment, beating analyst expectations.",business
The new laptop promises faster security performance than its predecessor.,tech
Economists warn that rising trade tariffs could affect export growth next year.,business
Injury concerns loom over Riverside Athletic ahead of their crucial playoff game match.,sports
The the opposition leader met with foreign leaders to discuss national security cooperation.,politics
Critics called the new biopic a mixed addition to the genre.,entertainment
Fans celebrated as Northside FC clinched the playoff game title for the first time in years.,sports
the Falcons coach praised the squad's performance after their win in the championship.,sports
The the President announced a new tax plan during today's press conference.,politics
the director announced a world tour to promote their latest TV series.,entertainment
Investors remain confident about the company's revenue outlook for next quarter.,business
City United secured a comfortable victory against the Sharks in last night's league match.,sports
The latest processing breakthrough could reshape how we use wearable device.,tech
Lawmakers debated the proposed labor bill in a heated parliamentary session.,politics
Stock markets fell today as investors reacted to news about the housing market.,business
the director won the industry award for their performance in the acclaimed biopic.,entertainment
Orion Motors announced a new investment strategy aimed at boosting oil prices.,business
The latest artificial intelligence breakthrough could reshape how we use AI assistant.,tech
Economists warn that rising currency exchange could affect profit growth next year.,business
Northside FC coach praised the squad's performance after their win in the season opener.,sports
Investors remain uncertain about the company's budget outlook for next quarter.,business
the singer won the music award for their performance in the acclaimed film.,entertainment
Opposition parties called for a review of the healthcare policy amid public concern.,politics
Riverside Athletic and the Sharks played to a thrilling draw in a closely contested league match.,sports
ByteWorks unveiled its latest wearable device with improved artificial intelligence capabilities.,tech
Critics called the new biopic a enthusiastic addition to the genre.,entertainment
the actress won the industry award for their performance in the acclaimed musical.,entertainment
The central bank decided to cut interest rates amid concerns over the housing market.,business
Trade talks between major economies focused on trade tariffs and revenue regulations.,business
Fans were thrilled as the comedian revealed the trailer for the upcoming TV series.,entertainment
Global Tech Inc announced a new profit strategy aimed at boosting inflation.,business
The latest camera breakthrough could reshape how we use wearable device.,tech
Quantix Labs unveiled its latest wearable device with improved processing capabilities.,tech
Critics called the new film a lukewarm addition to the genre.,entertainment
the President faced criticism over the government's handling of public spending.,politics
Protesters gathered outside parliament demanding action on national security.,politics
The new film directed by the actress premiered to glowing reviews this weekend.,entertainment
Protesters gathered outside parliament demanding action on the budget deficit.,politics
The transfer window saw the Falcons sign a promising young defender.,sports
Fans were thrilled as the actress revealed the trailer for the upcoming TV series.,entertainment
Fans celebrated as the Warriors clinched the derby title for the first time in years.,sports
Fans celebrated as the Falcons clinched the season opener title for the first time in years.,sports
"The film festival award nominations were announced, with film leading the pack.",entertainment
the comedian signed on to star in a highly anticipated new documentary.,entertainment
"The music award nominations were announced, with musical leading the pack.",entertainment
Injury concerns loom over the Tigers ahead of their crucial cup final match.,sports
Critics called the new album a mixed addition to the genre.,entertainment
Stock markets rallied today as investors reacted to news about trade tariffs.,business
The new smartphone promises faster camera performance than its predecessor.,tech
Northside FC secured a narrow victory against Westport FC in last night's season opener.,sports
Fans were thrilled as the actress revealed the trailer for the upcoming TV series.,entertainment
the comedian announced a world tour to promote their latest musical.,entertainment
Critics called the new musical a mixed addition to the genre.,entertainment
the Tigers and the Sharks played to a thrilling draw in a closely contested cup final.,sports
Quantix Labs launched a beta version of its wearable device featuring new processing functions.,tech
the actress signed on to star in a highly anticipated new biopic.,entertainment
the singer signed on to star in a highly anticipated new film.,entertainment
Global Tech Inc shares rallied after the company posted unexpected earnings for the sales.,business
Injury concerns loom over City United ahead of their crucial cup final match.,sports
The the local mayor announced a new education plan during today's press conference.,politics
Protesters gathered outside parliament demanding action on the budget deficit.,politics
Opposition parties called for a review of the labor policy amid public concern.,politics
The star midfielder scored twice as the Tigers won the cup final final.,sports
The transfer window saw the Tigers sign a promising young defender.,sports
Analysts say CloudPeak's investment in battery signals a shift in the wearable device market.,tech
the Falcons coach praised the squad's performance after their win in the season opener.,sports
Fans were thrilled as the singer revealed the trailer for the upcoming TV series.,entertainment
the comedian won the critics' choice award for their performance in the acclaimed biopic.,entertainment
the Tigers secured a dramatic victory against Westport FC in last night's playoff game.,sports
Developers praised the updated AI assistant for its enhanced security tools.,tech
Stock markets surged today as investors reacted to news about trade tariffs.,business
Developers praised the updated smartphone for its enhanced camera tools.,tech
Protesters gathered outside parliament demanding action on the coalition talks.,politics
Investors remain optimistic about the company's revenue outlook for next quarter.,business
defender broke the tournament record during the championship on Saturday.,sports
the comedian announced a world tour to promote their latest album.,entertainment
Stock markets climbed today as investors reacted to news about trade tariffs.,business
The star midfielder scored twice as the Tigers won the championship final.,sports
the local mayor faced criticism over the government's handling of the referendum.,politics
The latest artificial intelligence breakthrough could reshape how we use laptop.,tech
The central bank decided to cut interest rates amid concerns over inflation.,business
"The Acme Corp reported a strong rise in quarterly sales, beating analyst expectations.",business
Developers praised the updated cloud platform for its enhanced battery tools.,tech
the Prime Minister faced criticism over the government's handling of the referendum.,politics
A new healthcare reform was passed after months of negotiation in parliament.,politics
The latest processing breakthrough could reshape how we use laptop.,tech
The central bank decided to raise interest rates amid concerns over interest rates.,business
the actress won the critics' choice award for their performance in the acclaimed documentary.,entertainment
the director won the industry award for their performance in the acclaimed album.,entertainment
Orion Motors announced a new budget strategy aimed at boosting inflation.,business
A new tax reform was passed after months of negotiation in parliament.,politics
The new album directed by the pop star premiered to lukewarm reviews this weekend.,entertainment
The the Finance Minister met with foreign leaders to discuss the coalition talks cooperation.,politics
Trade talks between major economies focused on currency exchange and sales regulations.,business
The latest artificial intelligence breakthrough could reshape how we use wearable device.,tech
The new AI assistant promises faster processing performance than its predecessor.,tech
Fans celebrated as the Falcons clinched the cup final title for the first time in years.,sports
The central bank decided to review interest rates amid concerns over oil prices.,business
The transfer window saw the Warriors sign a promising young captain.,sports
Quantix Labs unveiled its latest smartphone with improved battery capabilities.,tech
Lawmakers debated the proposed tax bill in a heated parliamentary session.,politics
Critics called the new album a lukewarm addition to the genre.,entertainment
The new smartphone promises faster cloud storage performance than its predecessor.,tech
Critics called the new documentary a rave addition to the genre.,entertainment
The new TV series directed by the comedian premiered to rave reviews this weekend.,entertainment
Economists warn that rising trade tariffs could affect revenue growth next year.,business
The transfer window saw City United sign a promising young goalkeeper.,sports
Economists warn that rising currency exchange could affect investment growth next year.,business
Critics called the new album a lukewarm addition to the genre.,entertainment
The the local mayor announced a new climate plan during today's press conference.,politics
Quantix Labs announced a partnership to advance security technology.,tech
Quantix Labs faces scrutiny over data privacy concerns tied to its AI assistant.,tech
the comedian won the critics' choice award for their performance in the acclaimed TV series.,entertainment
Riverside Athletic secured a last-minute victory against Oakland Rovers in last night's playoff game.,sports
Lawmakers debated the proposed tax bill in a heated parliamentary session.,politics
The the President announced a new healthcare plan during today's press conference.,politics
The the opposition leader announced a new healthcare plan during today's press conference.,politics
Quantix Labs launched a beta version of its AI assistant featuring new processing functions.,tech
Trade talks between major economies focused on interest rates and budget regulations.,business
The new AI assistant promises faster cloud storage performance than its predecessor.,tech
"The music award nominations were announced, with album leading the pack.",entertainment
the comedian signed on to star in a highly anticipated new film.,entertainment
A new climate reform was passed after months of negotiation in parliament.,politics
The star captain scored twice as Northside FC won the derby final.,sports
The cast of the musical shared behind-the-scenes stories at the press event.,entertainment
the actress announced a world tour to promote their latest TV series.,entertainment
A new immigration reform was passed after months of negotiation in parliament.,politics
City United and the Lions played to a thrilling draw in a closely contested league match.,sports
NexGen Systems launched a beta version of its laptop featuring new security functions.,tech
the Falcons and Oakland Rovers played to a thrilling draw in a closely contested playoff game.,sports
"The Silverline Bank reported a record rise in quarterly sales, beating analyst expectations.",business
The star defender scored twice as the Tigers won the derby final.,sports
Lawmakers debated the proposed labor bill in a heated parliamentary session.,politics
"The Global Tech Inc reported a modest rise in quarterly profit, beating analyst expectations.",business
The latest battery breakthrough could reshape how we use smartphone.,tech
The star captain scored twice as Riverside Athletic won the championship final.,sports
The the local mayor announced a new healthcare plan during today's press conference.,politics
Lawmakers debated the proposed education bill in a heated parliamentary session.,politics
Quantix Labs unveiled its latest smartphone with improved security capabilities.,tech
City United secured a last-minute victory against Oakland Rovers in last night's league match.,sports
TechNova faces scrutiny over data privacy concerns tied to its AI assistant.,tech
The latest processing breakthrough could reshape how we use wearable device.,tech
City United coach praised the squad's performance after their win in the derby.,sports
Lawmakers debated the proposed labor bill in a heated parliamentary session.,politics
Trade talks between major economies focused on the housing market and sales regulations.,business
Global Tech Inc shares slipped after the company posted record earnings for the revenue.,business
Lawmakers debated the proposed immigration bill in a heated parliamentary session.,politics
The the opposition leader met with foreign leaders to discuss the budget deficit cooperation.,politics
Trade talks between major economies focused on the housing market and revenue regulations.,business
Protesters gathered outside parliament demanding action on the coalition talks.,politics
defender broke the tournament record during the playoff game on Saturday.,sports
The the Finance Minister met with foreign leaders to discuss public spending cooperation.,politics
The new TV series directed by the actress premiered to glowing reviews this weekend.,entertainment
The new album directed by the comedian premiered to glowing reviews this weekend.,entertainment
the Falcons coach praised the squad's performance after their win in the championship.,sports
"The film festival award nominations were announced, with biopic leading the pack.",entertainment
Critics called the new album a mixed addition to the genre.,entertainment
The election commission confirmed the results of the the referendum vote on Friday.,politics
The transfer window saw City United sign a promising young goalkeeper.,sports
Trade talks between major economies focused on oil prices and profit regulations.,business
A new labor reform was passed after months of negotiation in parliament.,politics
The election commission confirmed the results of the the coalition talks vote on Friday.,politics
The new TV series directed by the actress premiered to enthusiastic reviews this weekend.,entertainment
Riverside Athletic secured a convincing victory against Oakland Rovers in last night's season opener.,sports
Stock markets climbed today as investors reacted to news about oil prices.,business
ByteWorks launched a beta version of its AI assistant featuring new security functions.,tech
The election commission confirmed the results of the public spending vote on Friday.,politics
Investors remain uncertain about the company's profit outlook for next quarter.,business
Critics called the new TV series a mixed addition to the genre.,entertainment
City United secured a convincing victory against the Eagles in last night's season opener.,sports
the singer announced a world tour to promote their latest documentary.,entertainment
The transfer window saw the Falcons sign a promising young striker.,sports
Injury concerns loom over Riverside Athletic ahead of their crucial derby match.,sports
Stock markets surged today as investors reacted to news about inflation.,business
striker broke the tournament record during the cup final on Saturday.,sports
Investors remain uncertain about the company's sales outlook for next quarter.,business
Fans celebrated as the Falcons clinched the cup final title for the first time in years.,sports
The the Prime Minister met with foreign leaders to discuss the budget deficit cooperation.,politics
the director won the music award for their performance in the acclaimed film.,entertainment
Developers praised the updated AI assistant for its enhanced processing tools.,tech
The election commission confirmed the results of the national security vote on Friday.,politics
City United and Westport FC played to a thrilling draw in a closely contested league match.,sports
The the Prime Minister announced a new education plan during today's press conference.,politics
"The music award nominations were announced, with album leading the pack.",entertainment
Stock markets surged today as investors reacted to news about inflation.,business
The transfer window saw City United sign a promising young goalkeeper.,sports
The central bank decided to raise interest rates amid concerns over oil prices.,business
TechNova launched a beta version of its wearable device featuring new security functions.,tech
Analysts say TechNova's investment in cloud storage signals a shift in the smartphone market.,tech
Analysts say TechNova's investment in artificial intelligence signals a shift in the smartphone market.,tech
the actress announced a world tour to promote their latest musical.,entertainment
"The film festival award nominations were announced, with TV series leading the pack.",entertainment
The cast of the musical shared behind-the-scenes stories at the press event.,entertainment
The central bank decided to cut interest rates amid concerns over interest rates.,business
TechNova launched a beta version of its smartphone featuring new processing functions.,tech
Injury concerns loom over City United ahead of their crucial league match match.,sports
ByteWorks unveiled its latest laptop with improved security capabilities.,tech
The election commission confirmed the results of the the referendum vote on Friday.,politics
Fans celebrated as the Falcons clinched the derby title for the first time in years.,sports
The new cloud platform promises faster cloud storage performance than its predecessor.,tech
Developers praised the updated laptop for its enhanced battery tools.,tech
A new healthcare reform was passed after months of negotiation in parliament.,politics
NexGen Systems faces scrutiny over data privacy concerns tied to its cloud platform.,tech
the director signed on to star in a highly anticipated new TV series.,entertainment
Trade talks between major economies focused on the housing market and investment regulations.,business
Riverside Athletic secured a dramatic victory against the Lions in last night's playoff game.,sports
The election commission confirmed the results of the the referendum vote on Friday.,politics
The new smartphone promises faster processing performance than its predecessor.,tech
the local mayor faced criticism over the government's handling of the budget deficit.,politics
Trade talks between major economies focused on oil prices and export regulations.,business
The new cloud platform promises faster battery performance than its predecessor.,tech
Acme Corp announced a new sales strategy aimed at boosting oil prices.,business
The the President announced a new immigration plan during today's press conference.,politics
TechNova announced a partnership to advance processing technology.,tech
The election commission confirmed the results of the national security vote on Friday.,politics
Trade talks between major economies focused on interest rates and profit regulations.,business
NexGen Systems faces scrutiny over data privacy concerns tied to its AI assistant.,tech
ByteWorks faces scrutiny over data privacy concerns tied to its smartphone.,tech
The new cloud platform promises faster security performance than its predecessor.,tech
the Warriors and the Sharks played to a thrilling draw in a closely contested derby.,sports
A new climate reform was passed after months of negotiation in parliament.,politics
Developers praised the updated smartphone for its enhanced battery tools.,tech
Acme Corp shares surged after the company posted strong earnings for the sales.,business
City United coach praised the squad's performance after their win in the cup final.,sports
The central bank decided to raise interest rates amid concerns over interest rates.,business
Stock markets fell today as investors reacted to news about trade tariffs.,business
the Falcons secured a convincing victory against the Lions in last night's league match.,sports
The central bank decided to cut interest rates amid concerns over currency exchange.,business
The cast of the TV series shared behind-the-scenes stories at the press event.,entertainment
the opposition leader faced criticism over the government's handling of the budget deficit.,politics
Acme Corp shares fell after the company posted unexpected earnings for the investment.,business
the pop star signed on to star in a highly anticipated new documentary.,entertainment
Fans celebrated as the Tigers clinched the championship title for the first time in years.,sports
Analysts say CloudPeak's investment in artificial intelligence signals a shift in the laptop market.,tech
Quantix Labs launched a beta version of its smartphone featuring new camera functions.,tech
The election commission confirmed the results of the public spending vote on Friday.,politics
Silverline Bank announced a new profit strategy aimed at boosting oil prices.,business
City United secured a last-minute victory against the Sharks in last night's championship.,sports
Quantix Labs faces scrutiny over data privacy concerns tied to its laptop.,tech
The cast of the album shared behind-the-scenes stories at the press event.,entertainment
Fans celebrated as the Tigers clinched the derby title for the first time in years.,sports
The cast of the album shared behind-the-scenes stories at the press event.,entertainment
Riverside Athletic and the Sharks played to a thrilling draw in a closely contested cup final.,sports
the comedian signed on to star in a highly anticipated new TV series.,entertainment
the Tigers and the Sharks played to a thrilling draw in a closely contested season opener.,sports
the comedian won the critics' choice award for their performance in the acclaimed album.,entertainment
the Finance Minister faced criticism over the government's handling of the budget deficit.,politics
the Warriors and Westport FC played to a thrilling draw in a closely contested season opener.,sports
NexGen Systems faces scrutiny over data privacy concerns tied to its cloud platform.,tech
The central bank decided to raise interest rates amid concerns over currency exchange.,business
CloudPeak faces scrutiny over data privacy concerns tied to its laptop.,tech
The new album directed by the director premiered to enthusiastic reviews this weekend.,entertainment
Fans celebrated as Northside FC clinched the playoff game title for the first time in years.,sports
"The industry award nominations were announced, with TV series leading the pack.",entertainment
The cast of the documentary shared behind-the-scenes stories at the press event.,entertainment
Protesters gathered outside parliament demanding action on public spending.,politics
Orion Motors shares climbed after the company posted record earnings for the export.,business
The central bank decided to hold interest rates amid concerns over oil prices.,business
ByteWorks unveiled its latest cloud platform with improved battery capabilities.,tech
Developers praised the updated AI assistant for its enhanced artificial intelligence tools.,tech
"The music award nominations were announced, with biopic leading the pack.",entertainment
striker broke the tournament record during the derby on Saturday.,sports
The election commission confirmed the results of the national security vote on Friday.,politics
Fans celebrated as City United clinched the season opener title for the first time in years.,sports
The the President announced a new immigration plan during today's press conference.,politics
The new album directed by the pop star premiered to lukewarm reviews this weekend.,entertainment
The transfer window saw the Warriors sign a promising young goalkeeper.,sports
City United coach praised the squad's performance after their win in the season opener.,sports
The new musical directed by the comedian premiered to lukewarm reviews this weekend.,entertainment
Protesters gathered outside parliament demanding action on national security.,politics
The the President met with foreign leaders to discuss public spending cooperation.,politics
"The critics' choice award nominations were announced, with documentary leading the pack.",entertainment
Opposition parties called for a review of the education policy amid public concern.,politics
Lawmakers debated the proposed labor bill in a heated parliamentary session.,politics
The latest battery breakthrough could reshape how we use cloud platform.,tech
"The BlueSky Retail reported a modest rise in quarterly investment, beating analyst expectations.",business
The new musical directed by the director premiered to glowing reviews this weekend.,entertainment
The transfer window saw the Falcons sign a promising young defender.,sports
"The Silverline Bank reported a record rise in quarterly export, beating analyst expectations.",business
"The Acme Corp reported a unexpected rise in quarterly budget, beating analyst expectations.",business
Investors remain uncertain about the company's sales outlook for next quarter.,business
Opposition parties called for a review of the tax policy amid public concern.,politics
The new biopic directed by the comedian premiered to enthusiastic reviews this weekend.,entertainment
the comedian announced a world tour to promote their latest TV series.,entertainment
A new climate reform was passed after months of negotiation in parliament.,politics
the pop star won the critics' choice award for their performance in the acclaimed TV series.,entertainment
Nova Industries announced a new sales strategy aimed at boosting inflation.,business
the comedian won the music award for their performance in the acclaimed biopic.,entertainment
Injury concerns loom over Riverside Athletic ahead of their crucial championship match.,sports
Injury concerns loom over the Falcons ahead of their crucial derby match.,sports
The new cloud platform promises faster security performance than its predecessor.,tech
Fans celebrated as the Falcons clinched the cup final title for the first time in years.,sports
Critics called the new documentary a enthusiastic addition to the genre.,entertainment
The the Prime Minister announced a new labor plan during today's press conference.,politics
Fans celebrated as Riverside Athletic clinched the league match title for the first time in years.,sports
Fans celebrated as City United clinched the playoff game title for the first time in years.,sports
Analysts say ByteWorks's investment in artificial intelligence signals a shift in the smartphone market.,tech
The new laptop promises faster battery performance than its predecessor.,tech
The star goalkeeper scored twice as the Falcons won the playoff game final.,sports
Critics called the new TV series a mixed addition to the genre.,entertainment
Analysts say CloudPeak's investment in battery signals a shift in the laptop market.,tech
Developers praised the updated AI assistant for its enhanced camera tools.,tech
Lawmakers debated the proposed climate bill in a heated parliamentary session.,politics
the comedian announced a world tour to promote their latest film.,entertainment
Economists warn that rising interest rates could affect profit growth next year.,business
Lawmakers debated the proposed education bill in a heated parliamentary session.,politics
Trade talks between major economies focused on currency exchange and sales regulations.,business
TechNova faces scrutiny over data privacy concerns tied to its laptop.,tech
Trade talks between major economies focused on oil prices and budget regulations.,business
captain broke the tournament record during the championship on Saturday.,sports
A new labor reform was passed after months of negotiation in parliament.,politics
the Falcons coach praised the squad's performance after their win in the championship.,sports
The the opposition leader announced a new climate plan during today's press conference.,politics
Investors remain optimistic about the company's sales outlook for next quarter.,business
The star midfielder scored twice as the Falcons won the league match final.,sports
Acme Corp announced a new export strategy aimed at boosting inflation.,business
Protesters gathered outside parliament demanding action on the referendum.,politics
The the Finance Minister announced a new tax plan during today's press conference.,politics
The new laptop promises faster security performance than its predecessor.,tech
The cast of the album shared behind-the-scenes stories at the press event.,entertainment
Stock markets slipped today as investors reacted to news about oil prices.,business
NexGen Systems unveiled its latest AI assistant with improved security capabilities.,tech
Developers praised the updated laptop for its enhanced battery tools.,tech
the Falcons secured a last-minute victory against Westport FC in last night's league match.,sports
The new film directed by the actress premiered to enthusiastic reviews this weekend.,entertainment
A new tax reform was passed after months of negotiation in parliament.,politics
Injury concerns loom over the Falcons ahead of their crucial championship match.,sports
Investors remain optimistic about the company's sales outlook for next quarter.,business
The transfer window saw City United sign a promising young midfielder.,sports
Silverline Bank announced a new profit strategy aimed at boosting the housing market.,business
Fans celebrated as the Warriors clinched the derby title for the first time in years.,sports
Economists warn that rising currency exchange could affect profit growth next year.,business
Fans celebrated as Riverside Athletic clinched the championship title for the first time in years.,sports
The new smartphone promises faster camera performance than its predecessor.,tech
Critics called the new biopic a lukewarm addition to the genre.,entertainment
The the local mayor announced a new education plan during today's press conference.,politics
A new labor reform was passed after months of negotiation in parliament.,politics
the singer won the music award for their performance in the acclaimed documentary.,entertainment
Developers praised the updated laptop for its enhanced artificial intelligence tools.,tech
The the local mayor met with foreign leaders to discuss public spending cooperation.,politics
Fans were thrilled as the director revealed the trailer for the upcoming musical.,entertainment
"The critics' choice award nominations were announced, with musical leading the pack.",entertainment
the Falcons secured a comfortable victory against Oakland Rovers in last night's playoff game.,sports
The the Finance Minister met with foreign leaders to discuss public spending cooperation.,politics
The the Finance Minister met with foreign leaders to discuss the coalition talks cooperation.,politics
Protesters gathered outside parliament demanding action on the coalition talks.,politics
Critics called the new documentary a glowing addition to the genre.,entertainment
Northside FC coach praised the squad's performance after their win in the championship.,sports
CloudPeak unveiled its latest laptop with improved cloud storage capabilities.,tech
the comedian announced a world tour to promote their latest album.,entertainment
"The BlueSky Retail reported a strong rise in quarterly profit, beating analyst expectations.",business
the Falcons coach praised the squad's performance after their win in the league match.,sports
the local mayor faced criticism over the government's handling of public spending.,politics
Developers praised the updated smartphone for its enhanced processing tools.,tech
Analysts say CloudPeak's investment in security signals a shift in the wearable device market.,tech
The new AI assistant promises faster battery performance than its predecessor.,tech
The transfer window saw the Warriors sign a promising young captain.,sports
Developers praised the updated wearable device for its enhanced cloud storage tools.,tech
Fans were thrilled as the director revealed the trailer for the upcoming documentary.,entertainment
Developers praised the updated AI assistant for its enhanced security tools.,tech
Fans were thrilled as the pop star revealed the trailer for the upcoming biopic.,entertainment
Quantix Labs announced a partnership to advance security technology.,tech
Critics called the new biopic a lukewarm addition to the genre.,entertainment
Critics called the new documentary a enthusiastic addition to the genre.,entertainment
The cast of the documentary shared behind-the-scenes stories at the press event.,entertainment
the singer won the film festival award for their performance in the acclaimed biopic.,entertainment
Nova Industries announced a new budget strategy aimed at boosting interest rates.,business
City United coach praised the squad's performance after their win in the cup final.,sports
The latest security breakthrough could reshape how we use wearable device.,tech
Injury concerns loom over the Warriors ahead of their crucial league match match.,sports
The new musical directed by the actress premiered to glowing reviews this weekend.,entertainment
The the Finance Minister met with foreign leaders to discuss the referendum cooperation.,politics
Trade talks between major economies focused on currency exchange and profit regulations.,business
Northside FC coach praised the squad's performance after their win in the league match.,sports
the Falcons and the Lions played to a thrilling draw in a closely contested league match.,sports
Economists warn that rising inflation could affect investment growth next year.,business
Injury concerns loom over the Warriors ahead of their crucial season opener match.,sports
Analysts say Quantix Labs's investment in processing signals a shift in the AI assistant market.,tech
City United secured a comfortable victory against Westport FC in last night's season opener.,sports
The star midfielder scored twice as the Warriors won the derby final.,sports
Economists warn that rising the housing market could affect investment growth next year.,business
midfielder broke the tournament record during the league match on Saturday.,sports
Critics called the new documentary a rave addition to the genre.,entertainment
The the President met with foreign leaders to discuss the budget deficit cooperation.,politics
Trade talks between major economies focused on the housing market and budget regulations.,business
Critics called the new biopic a rave addition to the genre.,entertainment
The new laptop promises faster security performance than its predecessor.,tech
Opposition parties called for a review of the labor policy amid public concern.,politics
The cast of the album shared behind-the-scenes stories at the press event.,entertainment
Investors remain optimistic about the company's investment outlook for next quarter.,business
TechNova faces scrutiny over data privacy concerns tied to its cloud platform.,tech
The cast of the biopic shared behind-the-scenes stories at the press event.,entertainment
the comedian signed on to star in a highly anticipated new TV series.,entertainment
"The Global Tech Inc reported a record rise in quarterly budget, beating analyst expectations.",business
The the Finance Minister announced a new healthcare plan during today's press conference.,politics
Opposition parties called for a review of the education policy amid public concern.,politics
The election commission confirmed the results of the public spending vote on Friday.,politics
City United coach praised the squad's performance after their win in the season opener.,sports
Riverside Athletic coach praised the squad's performance after their win in the cup final.,sports
the director announced a world tour to promote their latest musical.,entertainment
Protesters gathered outside parliament demanding action on the budget deficit.,politics
"The Acme Corp reported a significant rise in quarterly revenue, beating analyst expectations.",business
Analysts say CloudPeak's investment in processing signals a shift in the wearable device market.,tech
A new climate reform was passed after months of negotiation in parliament.,politics
TechNova announced a partnership to advance camera technology.,tech
The cast of the musical shared behind-the-scenes stories at the press event.,entertainment
The central bank decided to cut interest rates amid concerns over oil prices.,business
the singer signed on to star in a highly anticipated new biopic.,entertainment
the pop star won the music award for their performance in the acclaimed album.,entertainment
Fans celebrated as the Falcons clinched the league match title for the first time in years.,sports
Lawmakers debated the proposed climate bill in a heated parliamentary session.,politics
ByteWorks unveiled its latest laptop with improved processing capabilities.,tech
A new healthcare reform was passed after months of negotiation in parliament.,politics
Nova Industries shares surged after the company posted record earnings for the profit.,business
the comedian won the industry award for their performance in the acclaimed musical.,entertainment
Critics called the new documentary a mixed addition to the genre.,entertainment
captain broke the tournament record during the playoff game on Saturday.,sports
Quantix Labs announced a partnership to advance camera technology.,tech
the Falcons coach praised the squad's performance after their win in the championship.,sports
The cast of the film shared behind-the-scenes stories at the press event.,entertainment
Economists warn that rising inflation could affect profit growth next year.,business
"The critics' choice award nominations were announced, with film leading the pack.",entertainment
ByteWorks unveiled its latest laptop with improved security capabilities.,tech
ByteWorks unveiled its latest laptop with improved battery capabilities.,tech
A new tax reform was passed after months of negotiation in parliament.,politics
The latest cloud storage breakthrough could reshape how we use laptop.,tech
NexGen Systems announced a partnership to advance camera technology.,tech
Riverside Athletic coach praised the squad's performance after their win in the derby.,sports
"The Acme Corp reported a unexpected rise in quarterly investment, beating analyst expectations.",business
The new wearable device promises faster artificial intelligence performance than its predecessor.,tech
The the Prime Minister announced a new healthcare plan during today's press conference.,politics
the director announced a world tour to promote their latest album.,entertainment
Analysts say ByteWorks's investment in battery signals a shift in the cloud platform market.,tech
the Tigers and Westport FC played to a thrilling draw in a closely contested derby.,sports
the comedian signed on to star in a highly anticipated new film.,entertainment
the director won the industry award for their performance in the acclaimed musical.,entertainment
Trade talks between major economies focused on inflation and investment regulations.,business
The latest security breakthrough could reshape how we use smartphone.,tech
Lawmakers debated the proposed tax bill in a heated parliamentary session.,politics
Opposition parties called for a review of the labor policy amid public concern.,politics
The new laptop promises faster battery performance than its predecessor.,tech
goalkeeper broke the tournament record during the cup final on Saturday.,sports
Stock markets surged today as investors reacted to news about oil prices.,business
The the Prime Minister announced a new tax plan during today's press conference.,politics
Stock markets rallied today as investors reacted to news about the housing market.,business
The new TV series directed by the director premiered to glowing reviews this weekend.,entertainment
the Falcons secured a narrow victory against Metro City in last night's derby.,sports
Protesters gathered outside parliament demanding action on the referendum.,politics
The star captain scored twice as City United won the league match final.,sports
The cast of the album shared behind-the-scenes stories at the press event.,entertainment
Protesters gathered outside parliament demanding action on public spending.,politics
Quantix Labs launched a beta version of its cloud platform featuring new artificial intelligence functions.,tech
Quantix Labs faces scrutiny over data privacy concerns tied to its wearable device.,tech
the Falcons secured a dramatic victory against Metro City in last night's league match.,sports
"The Silverline Bank reported a record rise in quarterly profit, beating analyst expectations.",business
The the President met with foreign leaders to discuss public spending cooperation.,politics
Stock markets fell today as investors reacted to news about interest rates.,business
The new AI assistant promises faster artificial intelligence performance than its predecessor.,tech
Stock markets rallied today as investors reacted to news about interest rates.,business
the Tigers secured a convincing victory against Metro City in last night's league match.,sports
the actress signed on to star in a highly anticipated new documentary.,entertainment
"The BlueSky Retail reported a unexpected rise in quarterly budget, beating analyst expectations.",business
Fans were thrilled as the actress revealed the trailer for the upcoming album.,entertainment
Fans celebrated as City United clinched the cup final title for the first time in years.,sports
The new wearable device promises faster cloud storage performance than its predecessor.,tech
Stock markets surged today as investors reacted to news about the housing market.,business
The election commission confirmed the results of the public spending vote on Friday.,politics
Fans celebrated as the Tigers clinched the cup final title for the first time in years.,sports
Acme Corp shares slipped after the company posted record earnings for the export.,business
"The critics' choice award nominations were announced, with biopic leading the pack.",entertainment
Injury concerns loom over the Warriors ahead of their crucial cup final match.,sports
The new laptop promises faster cloud storage performance than its predecessor.,tech
"The Orion Motors reported a modest rise in quarterly budget, beating analyst expectations.",business
City United secured a convincing victory against the Eagles in last night's season opener.,sports
The central bank decided to hold interest rates amid concerns over interest rates.,business
The the Prime Minister met with foreign leaders to discuss public spending cooperation.,politics
Lawmakers debated the proposed tax bill in a heated parliamentary session.,politics
The new documentary directed by the actress premiered to enthusiastic reviews this weekend.,entertainment
Economists warn that rising the housing market could affect budget growth next year.,business
Economists warn that rising interest rates could affect budget growth next year.,business
City United and the Sharks played to a thrilling draw in a closely contested championship.,sports
The star defender scored twice as the Falcons won the cup final final.,sports
the Falcons and Metro City played to a thrilling draw in a closely contested derby.,sports
Investors remain uncertain about the company's investment outlook for next quarter.,business
The new TV series directed by the actress premiered to enthusiastic reviews this weekend.,entertainment
NexGen Systems faces scrutiny over data privacy concerns tied to its cloud platform.,tech
The star midfielder scored twice as the Falcons won the league match final.,sports
Fans celebrated as Northside FC clinched the season opener title for the first time in years.,sports
Quantix Labs unveiled its latest smartphone with improved processing capabilities.,tech
"The Acme Corp reported a strong rise in quarterly investment, beating analyst expectations.",business
The central bank decided to hold interest rates amid concerns over inflation.,business
the Prime Minister faced criticism over the government's handling of the budget deficit.,politics
BlueSky Retail announced a new budget strategy aimed at boosting oil prices.,business
The star captain scored twice as Riverside Athletic won the playoff game final.,sports
Developers praised the updated laptop for its enhanced cloud storage tools.,tech
Stock markets surged today as investors reacted to news about currency exchange.,business
"The Silverline Bank reported a unexpected rise in quarterly budget, beating analyst expectations.",business
Fans were thrilled as the actress revealed the trailer for the upcoming documentary.,entertainment
Global Tech Inc shares rallied after the company posted strong earnings for the export.,business
The star rookie scored twice as the Tigers won the derby final.,sports
City United secured a last-minute victory against Westport FC in last night's cup final.,sports
the Falcons secured a last-minute victory against the Eagles in last night's championship.,sports
the pop star signed on to star in a highly anticipated new album.,entertainment
CloudPeak announced a partnership to advance battery technology.,tech
Economists warn that rising oil prices could affect profit growth next year.,business
Trade talks between major economies focused on trade tariffs and export regulations.,business
Economists warn that rising currency exchange could affect investment growth next year.,business
the director announced a world tour to promote their latest film.,entertainment
Analysts say ByteWorks's investment in security signals a shift in the wearable device market.,tech
The cast of the album shared behind-the-scenes stories at the press event.,entertainment
Injury concerns loom over Riverside Athletic ahead of their crucial season opener match.,sports
The the Prime Minister announced a new education plan during today's press conference.,politics
the Prime Minister faced criticism over the government's handling of the budget deficit.,politics
Analysts say CloudPeak's investment in camera signals a shift in the laptop market.,tech
The the Prime Minister met with foreign leaders to discuss the coalition talks cooperation.,politics
Lawmakers debated the proposed labor bill in a heated parliamentary session.,politics
Opposition parties called for a review of the education policy amid public concern.,politics
The cast of the film shared behind-the-scenes stories at the press event.,entertainment
Economists warn that rising oil prices could affect investment growth next year.,business
Fans celebrated as the Warriors clinched the championship title for the first time in years.,sports
the Prime Minister faced criticism over the government's handling of public spending.,politics
CloudPeak announced a partnership to advance camera technology.,tech
Trade talks between major economies focused on oil prices and sales regulations.,business
Lawmakers debated the proposed healthcare bill in a heated parliamentary session.,politics
A new immigration reform was passed after months of negotiation in parliament.,politics
The new documentary directed by the comedian premiered to glowing reviews this weekend.,entertainment
Protesters gathered outside parliament demanding action on national security.,politics
Analysts say NexGen Systems's investment in cloud storage signals a shift in the cloud platform market.,tech
Lawmakers debated the proposed immigration bill in a heated parliamentary session.,politics
A new climate reform was passed after months of negotiation in parliament.,politics
TechNova announced a partnership to advance battery technology.,tech
Lawmakers debated the proposed labor bill in a heated parliamentary session.,politics
Injury concerns loom over Northside FC ahead of their crucial championship match.,sports
The cast of the documentary shared behind-the-scenes stories at the press event.,entertainment
The new laptop promises faster camera performance than its predecessor.,tech
Northside FC secured a dramatic victory against the Eagles in last night's season opener.,sports
goalkeeper broke the tournament record during the championship on Saturday.,sports
the director signed on to star in a highly anticipated new film.,entertainment
Protesters gathered outside parliament demanding action on public spending.,politics
Economists warn that rising currency exchange could affect export growth next year.,business
Fans were thrilled as the actress revealed the trailer for the upcoming album.,entertainment
Global Tech Inc shares slipped after the company posted significant earnings for the budget.,business
Northside FC and Metro City played to a thrilling draw in a closely contested cup final.,sports
Trade talks between major economies focused on interest rates and revenue regulations.,business
"The Orion Motors reported a record rise in quarterly revenue, beating analyst expectations.",business
Fans celebrated as the Falcons clinched the cup final title for the first time in years.,sports
Investors remain optimistic about the company's sales outlook for next quarter.,business
Critics called the new film a enthusiastic addition to the genre.,entertainment
The cast of the documentary shared behind-the-scenes stories at the press event.,entertainment
Injury concerns loom over City United ahead of their crucial derby match.,sports
Northside FC secured a convincing victory against Oakland Rovers in last night's playoff game.,sports
Riverside Athletic secured a convincing victory against Oakland Rovers in last night's league match.,sports
Economists warn that rising trade tariffs could affect investment growth next year.,business
Northside FC coach praised the squad's performance after their win in the derby.,sports
A new climate reform was passed after months of negotiation in parliament.,politics
the Tigers secured a convincing victory against Metro City in last night's derby.,sports
Trade talks between major economies focused on trade tariffs and investment regulations.,business
"The critics' choice award nominations were announced, with TV series leading the pack.",entertainment
Investors remain optimistic about the company's investment outlook for next quarter.,business
"The music award nominations were announced, with biopic leading the pack.",entertainment
Injury concerns loom over the Warriors ahead of their crucial playoff game match.,sports
The latest battery breakthrough could reshape how we use laptop.,tech
Opposition parties called for a review of the healthcare policy amid public concern.,politics
Injury concerns loom over City United ahead of their crucial playoff game match.,sports
City United coach praised the squad's performance after their win in the league match.,sports
BlueSky Retail announced a new export strategy aimed at boosting currency exchange.,business
the Finance Minister faced criticism over the government's handling of the referendum.,politics
Acme Corp announced a new budget strategy aimed at boosting currency exchange.,business
Stock markets surged today as investors reacted to news about trade tariffs.,business
The central bank decided to hold interest rates amid concerns over currency exchange.,business
"The Orion Motors reported a significant rise in quarterly revenue, beating analyst expectations.",business
Opposition parties called for a review of the climate policy amid public concern.,politics
The new biopic directed by the actress premiered to lukewarm reviews this weekend.,entertainment
Opposition parties called for a review of the labor policy amid public concern.,politics
Stock markets rallied today as investors reacted to news about interest rates.,business
the director signed on to star in a highly anticipated new TV series.,entertainment
Injury concerns loom over the Falcons ahead of their crucial league match match.,sports
The latest artificial intelligence breakthrough could reshape how we use laptop.,tech
The the Finance Minister met with foreign leaders to discuss public spending cooperation.,politics
Stock markets surged today as investors reacted to news about interest rates.,business
Investors remain uncertain about the company's export outlook for next quarter.,business
Injury concerns loom over Northside FC ahead of their crucial playoff game match.,sports
the director announced a world tour to promote their latest album.,entertainment
captain broke the tournament record during the playoff game on Saturday.,sports
Acme Corp announced a new revenue strategy aimed at boosting currency exchange.,business
A new immigration reform was passed after months of negotiation in parliament.,politics
Economists warn that rising interest rates could affect investment growth next year.,business
A new education reform was passed after months of negotiation in parliament.,politics
Analysts say TechNova's investment in processing signals a shift in the laptop market.,tech
Analysts say ByteWorks's investment in security signals a shift in the wearable device market.,tech
The new film directed by the pop star premiered to glowing reviews this weekend.,entertainment
Fans celebrated as the Tigers clinched the season opener title for the first time in years.,sports
The latest artificial intelligence breakthrough could reshape how we use laptop.,tech
the Tigers and Oakland Rovers played to a thrilling draw in a closely contested season opener.,sports
Fans celebrated as Northside FC clinched the season opener title for the first time in years.,sports
Trade talks between major economies focused on interest rates and investment regulations.,business
striker broke the tournament record during the cup final on Saturday.,sports
Quantix Labs faces scrutiny over data privacy concerns tied to its laptop.,tech
"The music award nominations were announced, with film leading the pack.",entertainment
the singer announced a world tour to promote their latest musical.,entertainment
NexGen Systems faces scrutiny over data privacy concerns tied to its cloud platform.,tech
Investors remain confident about the company's export outlook for next quarter.,business
Economists warn that rising currency exchange could affect sales growth next year.,business
Riverside Athletic secured a comfortable victory against the Sharks in last night's playoff game.,sports
Riverside Athletic secured a convincing victory against the Sharks in last night's playoff game.,sports
Protesters gathered outside parliament demanding action on the coalition talks.,politics
The the opposition leader met with foreign leaders to discuss national security cooperation.,politics
Stock markets fell today as investors reacted to news about the housing market.,business
A new healthcare reform was passed after months of negotiation in parliament.,politics
"The Silverline Bank reported a strong rise in quarterly export, beating analyst expectations.",business
the comedian signed on to star in a highly anticipated new TV series.,entertainment
A new education reform was passed after months of negotiation in parliament.,politics
"The film festival award nominations were announced, with TV series leading the pack.",entertainment
TechNova faces scrutiny over data privacy concerns tied to its cloud platform.,tech
Riverside Athletic coach praised the squad's performance after their win in the derby.,sports
Injury concerns loom over Northside FC ahead of their crucial cup final match.,sports
The election commission confirmed the results of the public spending vote on Friday.,politics
Injury concerns loom over Northside FC ahead of their crucial league match match.,sports
CloudPeak faces scrutiny over data privacy concerns tied to its laptop.,tech
"The Nova Industries reported a unexpected rise in quarterly investment, beating analyst expectations.",business
midfielder broke the tournament record during the cup final on Saturday.,sports
the comedian signed on to star in a highly anticipated new musical.,entertainment
NexGen Systems faces scrutiny over data privacy concerns tied to its laptop.,tech
Nova Industries shares surged after the company posted record earnings for the investment.,business
The cast of the film shared behind-the-scenes stories at the press event.,entertainment
Investors remain uncertain about the company's budget outlook for next quarter.,business
The cast of the album shared behind-the-scenes stories at the press event.,entertainment
the singer won the industry award for their performance in the acclaimed TV series.,entertainment
ByteWorks unveiled its latest smartphone with improved cloud storage capabilities.,tech
Investors remain confident about the company's sales outlook for next quarter.,business
The star goalkeeper scored twice as the Warriors won the league match final.,sports
The central bank decided to review interest rates amid concerns over oil prices.,business
Nova Industries announced a new profit strategy aimed at boosting trade tariffs.,business
The election commission confirmed the results of the the budget deficit vote on Friday.,politics
the pop star signed on to star in a highly anticipated new documentary.,entertainment
"The Acme Corp reported a record rise in quarterly export, beating analyst expectations.",business
Fans celebrated as Northside FC clinched the cup final title for the first time in years.,sports
the actress signed on to star in a highly anticipated new TV series.,entertainment
The transfer window saw the Falcons sign a promising young striker.,sports
The new wearable device promises faster camera performance than its predecessor.,tech
Global Tech Inc announced a new sales strategy aimed at boosting the housing market.,business
Lawmakers debated the proposed labor bill in a heated parliamentary session.,politics
The election commission confirmed the results of the public spending vote on Friday.,politics
Analysts say TechNova's investment in security signals a shift in the wearable device market.,tech
The latest security breakthrough could reshape how we use wearable device.,tech
Economists warn that rising oil prices could affect revenue growth next year.,business
The latest camera breakthrough could reshape how we use AI assistant.,tech
Trade talks between major economies focused on oil prices and sales regulations.,business
The new laptop promises faster processing performance than its predecessor.,tech
ByteWorks announced a partnership to advance processing technology.,tech
The transfer window saw the Warriors sign a promising young goalkeeper.,sports
Riverside Athletic coach praised the squad's performance after their win in the cup final.,sports
Developers praised the updated cloud platform for its enhanced processing tools.,tech
CloudPeak launched a beta version of its laptop featuring new processing functions.,tech
The star captain scored twice as City United won the championship final.,sports
Quantix Labs launched a beta version of its AI assistant featuring new processing functions.,tech
CloudPeak launched a beta version of its laptop featuring new security functions.,tech
The new documentary directed by the actress premiered to glowing reviews this weekend.,entertainment
Lawmakers debated the proposed immigration bill in a heated parliamentary session.,politics
Stock markets climbed today as investors reacted to news about currency exchange.,business
Economists warn that rising trade tariffs could affect investment growth next year.,business
goalkeeper broke the tournament record during the derby on Saturday.,sports
The new documentary directed by the pop star premiered to rave reviews this weekend.,entertainment
The the local mayor met with foreign leaders to discuss public spending cooperation.,politics
the comedian signed on to star in a highly anticipated new musical.,entertainment
Opposition parties called for a review of the labor policy amid public concern.,politics
The star captain scored twice as the Falcons won the derby final.,sports
City United secured a convincing victory against Metro City in last night's league match.,sports
Lawmakers debated the proposed healthcare bill in a heated parliamentary session.,politics
Injury concerns loom over the Warriors ahead of their crucial league match match.,sports
ByteWorks faces scrutiny over data privacy concerns tied to its laptop.,tech
TechNova unveiled its latest smartphone with improved camera capabilities.,tech
The new album directed by the comedian premiered to mixed reviews this weekend.,entertainment
Stock markets rallied today as investors reacted to news about currency exchange.,business
Lawmakers debated the proposed climate bill in a heated parliamentary session.,politics
Developers praised the updated cloud platform for its enhanced camera tools.,tech
Lawmakers debated the proposed healthcare bill in a heated parliamentary session.,politics
The the opposition leader met with foreign leaders to discuss national security cooperation.,politics
Analysts say CloudPeak's investment in processing signals a shift in the laptop market.,tech
Economists warn that rising currency exchange could affect export growth next year.,business
Developers praised the updated cloud platform for its enhanced battery tools.,tech
Developers praised the updated laptop for its enhanced processing tools.,tech
the Falcons secured a dramatic victory against the Eagles in last night's derby.,sports
The latest artificial intelligence breakthrough could reshape how we use smartphone.,tech
Opposition parties called for a review of the tax policy amid public concern.,politics
Orion Motors shares slipped after the company posted significant earnings for the profit.,business
The the local mayor met with foreign leaders to discuss public spending cooperation.,politics
"The Nova Industries reported a record rise in quarterly investment, beating analyst expectations.",business
Economists warn that rising oil prices could affect investment growth next year.,business
CloudPeak faces scrutiny over data privacy concerns tied to its smartphone.,tech
ByteWorks faces scrutiny over data privacy concerns tied to its wearable device.,tech
Protesters gathered outside parliament demanding action on the referendum.,politics
Opposition parties called for a review of the education policy amid public concern.,politics
Fans were thrilled as the singer revealed the trailer for the upcoming album.,entertainment
The latest battery breakthrough could reshape how we use AI assistant.,tech
The new TV series directed by the director premiered to enthusiastic reviews this weekend.,entertainment
The new wearable device promises faster security performance than its predecessor.,tech
The latest artificial intelligence breakthrough could reshape how we use smartphone.,tech
ByteWorks faces scrutiny over data privacy concerns tied to its wearable device.,tech
The new wearable device promises faster battery performance than its predecessor.,tech
"The industry award nominations were announced, with musical leading the pack.",entertainment
Developers praised the updated AI assistant for its enhanced camera tools.,tech
Protesters gathered outside parliament demanding action on the coalition talks.,politics
The new cloud platform promises faster security performance than its predecessor.,tech
Critics called the new film a lukewarm addition to the genre.,entertainment
TechNova faces scrutiny over data privacy concerns tied to its AI assistant.,tech
The the President announced a new tax plan during today's press conference.,politics
Northside FC secured a convincing victory against the Lions in last night's league match.,sports
Economists warn that rising oil prices could affect profit growth next year.,business
A new climate reform was passed after months of negotiation in parliament.,politics
"The industry award nominations were announced, with album leading the pack.",entertainment
Global Tech Inc shares fell after the company posted record earnings for the revenue.,business
the singer signed on to star in a highly anticipated new musical.,entertainment
Acme Corp announced a new budget strategy aimed at boosting oil prices.,business
"The Orion Motors reported a significant rise in quarterly budget, beating analyst expectations.",business
The election commission confirmed the results of the the referendum vote on Friday.,politics
Injury concerns loom over City United ahead of their crucial playoff game match.,sports
the Prime Minister faced criticism over the government's handling of public spending.,politics
Orion Motors announced a new sales strategy aimed at boosting inflation.,business
The the Prime Minister announced a new healthcare plan during today's press conference.,politics
The new album directed by the comedian premiered to rave reviews this weekend.,entertainment
Lawmakers debated the proposed education bill in a heated parliamentary session.,politics
The latest processing breakthrough could reshape how we use cloud platform.,tech
A new healthcare reform was passed after months of negotiation in parliament.,politics
Critics called the new biopic a lukewarm addition to the genre.,entertainment
The transfer window saw the Tigers sign a promising young captain.,sports
Nova Industries shares rallied after the company posted modest earnings for the revenue.,business
The the Prime Minister announced a new labor plan during today's press conference.,politics
The central bank decided to raise interest rates amid concerns over inflation.,business
The cast of the biopic shared behind-the-scenes stories at the press event.,entertainment
A new tax reform was passed after months of negotiation in parliament.,politics
Northside FC coach praised the squad's performance after their win in the championship.,sports
midfielder broke the tournament record during the cup final on Saturday.,sports
the pop star won the industry award for their performance in the acclaimed biopic.,entertainment
Fans were thrilled as the actress revealed the trailer for the upcoming album.,entertainment
the Falcons secured a narrow victory against the Sharks in last night's playoff game.,sports
Lawmakers debated the proposed healthcare bill in a heated parliamentary session.,politics
Quantix Labs launched a beta version of its smartphone featuring new processing functions.,tech
Analysts say CloudPeak's investment in cloud storage signals a shift in the AI assistant market.,tech
"The Global Tech Inc reported a significant rise in quarterly revenue, beating analyst expectations.",business
The central bank decided to review interest rates amid concerns over inflation.,business
Lawmakers debated the proposed labor bill in a heated parliamentary session.,politics
The election commission confirmed the results of the the budget deficit vote on Friday.,politics
The transfer window saw Northside FC sign a promising young defender.,sports
the Tigers and Westport FC played to a thrilling draw in a closely contested season opener.,sports
the singer announced a world tour to promote their latest documentary.,entertainment
Protesters gathered outside parliament demanding action on national security.,politics
the Finance Minister faced criticism over the government's handling of public spending.,politics
Northside FC secured a dramatic victory against the Lions in last night's season opener.,sports
Riverside Athletic and the Eagles played to a thrilling draw in a closely contested championship.,sports
Developers praised the updated AI assistant for its enhanced processing tools.,tech
NexGen Systems faces scrutiny over data privacy concerns tied to its wearable device.,tech
The cast of the documentary shared behind-the-scenes stories at the press event.,entertainment
the local mayor faced criticism over the government's handling of the budget deficit.,politics
Nova Industries announced a new sales strategy aimed at boosting the housing market.,business
The new laptop promises faster battery performance than its predecessor.,tech
the Tigers and the Sharks played to a thrilling draw in a closely contested season opener.,sports
Stock markets climbed today as investors reacted to news about interest rates.,business
The star captain scored twice as Riverside Athletic won the league match final.,sports
Fans celebrated as the Falcons clinched the cup final title for the first time in years.,sports
the Falcons and the Sharks played to a thrilling draw in a closely contested league match.,sports
Developers praised the updated smartphone for its enhanced processing tools.,tech
ByteWorks announced a partnership to advance camera technology.,tech
Analysts say CloudPeak's investment in processing signals a shift in the smartphone market.,tech
CloudPeak faces scrutiny over data privacy concerns tied to its wearable device.,tech
"The Nova Industries reported a significant rise in quarterly profit, beating analyst expectations.",business
The latest artificial intelligence breakthrough could reshape how we use laptop.,tech
Fans were thrilled as the comedian revealed the trailer for the upcoming album.,entertainment
"The Nova Industries reported a modest rise in quarterly budget, beating analyst expectations.",business
the pop star announced a world tour to promote their latest TV series.,entertainment
Analysts say NexGen Systems's investment in processing signals a shift in the smartphone market.,tech
The transfer window saw City United sign a promising young goalkeeper.,sports
TechNova launched a beta version of its laptop featuring new cloud storage functions.,tech
Opposition parties called for a review of the tax policy amid public concern.,politics
Analysts say Quantix Labs's investment in processing signals a shift in the wearable device market.,tech
Global Tech Inc shares climbed after the company posted significant earnings for the investment.,business
Stock markets surged today as investors reacted to news about the housing market.,business
The new album directed by the singer premiered to enthusiastic reviews this weekend.,entertainment
the local mayor faced criticism over the government's handling of the budget deficit.,politics
The star captain scored twice as the Falcons won the playoff game final.,sports
The the Finance Minister announced a new tax plan during today's press conference.,politics
CloudPeak announced a partnership to advance camera technology.,tech
CloudPeak faces scrutiny over data privacy concerns tied to its wearable device.,tech
The new AI assistant promises faster security performance than its predecessor.,tech
NexGen Systems unveiled its latest laptop with improved cloud storage capabilities.,tech
Protesters gathered outside parliament demanding action on national security.,politics
Critics called the new TV series a rave addition to the genre.,entertainment
Fans celebrated as Riverside Athletic clinched the derby title for the first time in years.,sports
Critics called the new musical a glowing addition to the genre.,entertainment
The latest processing breakthrough could reshape how we use laptop.,tech
The transfer window saw the Warriors sign a promising young goalkeeper.,sports
The cast of the film shared behind-the-scenes stories at the press event.,entertainment
The cast of the film shared behind-the-scenes stories at the press event.,entertainment
Analysts say CloudPeak's investment in artificial intelligence signals a shift in the smartphone market.,tech
the actress signed on to star in a highly anticipated new film.,entertainment
The latest security breakthrough could reshape how we use laptop.,tech
"The music award nominations were announced, with album leading the pack.",entertainment
Global Tech Inc shares climbed after the company posted significant earnings for the export.,business
TechNova launched a beta version of its wearable device featuring new battery functions.,tech
A new education reform was passed after months of negotiation in parliament.,politics
The latest processing breakthrough could reshape how we use cloud platform.,tech
the Warriors and Oakland Rovers played to a thrilling draw in a closely contested season opener.,sports
The cast of the TV series shared behind-the-scenes stories at the press event.,entertainment
the singer announced a world tour to promote their latest documentary.,entertainment
The election commission confirmed the results of the public spending vote on Friday.,politics
The new film directed by the pop star premiered to lukewarm reviews this weekend.,entertainment
The new TV series directed by the pop star premiered to enthusiastic reviews this weekend.,entertainment
BlueSky Retail announced a new budget strategy aimed at boosting the housing market.,business
The election commission confirmed the results of the national security vote on Friday.,politics
Injury concerns loom over Riverside Athletic ahead of their crucial playoff game match.,sports
The latest security breakthrough could reshape how we use smartphone.,tech
the actress won the film festival award for their performance in the acclaimed film.,entertainment
The star rookie scored twice as Riverside Athletic won the derby final.,sports
Fans celebrated as the Falcons clinched the league match title for the first time in years.,sports
Protesters gathered outside parliament demanding action on the referendum.,politics
the President faced criticism over the government's handling of the referendum.,politics
Analysts say TechNova's investment in security signals a shift in the smartphone market.,tech
Quantix Labs unveiled its latest smartphone with improved battery capabilities.,tech
A new labor reform was passed after months of negotiation in parliament.,politics
TechNova unveiled its latest AI assistant with improved battery capabilities.,tech
the Warriors and Westport FC played to a thrilling draw in a closely contested derby.,sports
the actress signed on to star in a highly anticipated new TV series.,entertainment
Stock markets fell today as investors reacted to news about currency exchange.,business
The the Finance Minister announced a new education plan during today's press conference.,politics
striker broke the tournament record during the league match on Saturday.,sports
Injury concerns loom over City United ahead of their crucial season opener match.,sports
Trade talks between major economies focused on trade tariffs and revenue regulations.,business
ByteWorks unveiled its latest cloud platform with improved security capabilities.,tech
Trade talks between major economies focused on oil prices and revenue regulations.,business
Opposition parties called for a review of the climate policy amid public concern.,politics
striker broke the tournament record during the derby on Saturday.,sports
the local mayor faced criticism over the government's handling of the referendum.,politics
The latest cloud storage breakthrough could reshape how we use wearable device.,tech
the Finance Minister faced criticism over the government's handling of the referendum.,politics
CloudPeak launched a beta version of its smartphone featuring new battery functions.,tech
Developers praised the updated cloud platform for its enhanced battery tools.,tech
The central bank decided to cut interest rates amid concerns over oil prices.,business
The the Prime Minister announced a new healthcare plan during today's press conference.,politics
TechNova faces scrutiny over data privacy concerns tied to its wearable device.,tech
The the President announced a new climate plan during today's press conference.,politics
the Prime Minister faced criticism over the government's handling of national security.,politics
Economists warn that rising inflation could affect sales growth next year.,business
"The film festival award nominations were announced, with album leading the pack.",entertainment
Fans were thrilled as the pop star revealed the trailer for the upcoming TV series.,entertainment
Silverline Bank shares climbed after the company posted record earnings for the investment.,business
CloudPeak unveiled its latest AI assistant with improved camera capabilities.,tech
Fans were thrilled as the comedian revealed the trailer for the upcoming documentary.,entertainment
The transfer window saw the Falcons sign a promising young midfielder.,sports
"The Orion Motors reported a record rise in quarterly investment, beating analyst expectations.",business
Trade talks between major economies focused on currency exchange and sales regulations.,business
Quantix Labs launched a beta version of its wearable device featuring new battery functions.,tech
"The Nova Industries reported a significant rise in quarterly revenue, beating analyst expectations.",business
Economists warn that rising interest rates could affect profit growth next year.,business
The central bank decided to review interest rates amid concerns over inflation.,business
The election commission confirmed the results of the national security vote on Friday.,politics
Analysts say CloudPeak's investment in artificial intelligence signals a shift in the cloud platform market.,tech
Critics called the new biopic a mixed addition to the genre.,entertainment
the Prime Minister faced criticism over the government's handling of national security.,politics
ByteWorks announced a partnership to advance cloud storage technology.,tech
Nova Industries announced a new budget strategy aimed at boosting interest rates.,business
Critics called the new TV series a glowing addition to the genre.,entertainment
The new film directed by the director premiered to enthusiastic reviews this weekend.,entertainment
The transfer window saw Northside FC sign a promising young goalkeeper.,sports
The cast of the documentary shared behind-the-scenes stories at the press event.,entertainment
The the Finance Minister met with foreign leaders to discuss national security cooperation.,politics
the singer signed on to star in a highly anticipated new documentary.,entertainment
The the President announced a new tax plan during today's press conference.,politics
Trade talks between major economies focused on trade tariffs and profit regulations.,business
Fans celebrated as Northside FC clinched the cup final title for the first time in years.,sports
ByteWorks launched a beta version of its cloud platform featuring new security functions.,tech
Analysts say ByteWorks's investment in camera signals a shift in the wearable device market.,tech
The election commission confirmed the results of the national security vote on Friday.,politics
goalkeeper broke the tournament record during the playoff game on Saturday.,sports
Investors remain cautious about the company's revenue outlook for next quarter.,business
the director signed on to star in a highly anticipated new TV series.,entertainment
captain broke the tournament record during the league match on Saturday.,sports
the Warriors secured a dramatic victory against Westport FC in last night's season opener.,sports
the local mayor faced criticism over the government's handling of public spending.,politics
the local mayor faced criticism over the government's handling of the coalition talks.,politics
Protesters gathered outside parliament demanding action on the referendum.,politics
the director announced a world tour to promote their latest documentary.,entertainment
Riverside Athletic secured a last-minute victory against the Sharks in last night's season opener.,sports
Investors remain uncertain about the company's profit outlook for next quarter.,business
The star midfielder scored twice as Northside FC won the derby final.,sports
Protesters gathered outside parliament demanding action on public spending.,politics
The new TV series directed by the comedian premiered to mixed reviews this weekend.,entertainment
Trade talks between major economies focused on the housing market and export regulations.,business
The central bank decided to hold interest rates amid concerns over inflation.,business
Stock markets climbed today as investors reacted to news about inflation.,business
Northside FC and the Lions played to a thrilling draw in a closely contested cup final.,sports
The latest battery breakthrough could reshape how we use wearable device.,tech
The new biopic directed by the director premiered to mixed reviews this weekend.,entertainment
Economists warn that rising trade tariffs could affect sales growth next year.,business
Fans were thrilled as the director revealed the trailer for the upcoming film.,entertainment
Developers praised the updated smartphone for its enhanced cloud storage tools.,tech
Analysts say Quantix Labs's investment in cloud storage signals a shift in the wearable device market.,tech
The latest battery breakthrough could reshape how we use laptop.,tech
Opposition parties called for a review of the immigration policy amid public concern.,politics
A new education reform was passed after months of negotiation in parliament.,politics
ByteWorks unveiled its latest smartphone with improved artificial intelligence capabilities.,tech
Northside FC and Westport FC played to a thrilling draw in a closely contested cup final.,sports
The new TV series directed by the comedian premiered to lukewarm reviews this weekend.,entertainment
Acme Corp announced a new investment strategy aimed at boosting interest rates.,business
the comedian won the music award for their performance in the acclaimed documentary.,entertainment
The new documentary directed by the pop star premiered to glowing reviews this weekend.,entertainment
City United secured a narrow victory against Oakland Rovers in last night's season opener.,sports
Fans were thrilled as the pop star revealed the trailer for the upcoming film.,entertainment
A new tax reform was passed after months of negotiation in parliament.,politics
Quantix Labs launched a beta version of its AI assistant featuring new artificial intelligence functions.,tech
striker broke the tournament record during the playoff game on Saturday.,sports
Fans celebrated as Northside FC clinched the cup final title for the first time in years.,sports
TechNova launched a beta version of its laptop featuring new processing functions.,tech
The the local mayor met with foreign leaders to discuss the referendum cooperation.,politics
Fans were thrilled as the director revealed the trailer for the upcoming film.,entertainment
Protesters gathered outside parliament demanding action on the referendum.,politics
Stock markets climbed today as investors reacted to news about trade tariffs.,business
The transfer window saw Riverside Athletic sign a promising young captain.,sports
The transfer window saw City United sign a promising young midfielder.,sports
the actress signed on to star in a highly anticipated new musical.,entertainment
ByteWorks faces scrutiny over data privacy concerns tied to its laptop.,tech
The central bank decided to hold interest rates amid concerns over inflation.,business
The new wearable device promises faster battery performance than its predecessor.,tech
The new smartphone promises faster security performance than its predecessor.,tech
The star rookie scored twice as Riverside Athletic won the playoff game final.,sports
the singer announced a world tour to promote their latest film.,entertainment
NexGen Systems unveiled its latest cloud platform with improved battery capabilities.,tech
Injury concerns loom over Riverside Athletic ahead of their crucial cup final match.,sports
Analysts say NexGen Systems's investment in camera signals a shift in the cloud platform market.,tech
Fans were thrilled as the director revealed the trailer for the upcoming film.,entertainment
The the local mayor met with foreign leaders to discuss public spending cooperation.,politics
the Warriors secured a narrow victory against Metro City in last night's championship.,sports
captain broke the tournament record during the season opener on Saturday.,sports
The the President announced a new climate plan during today's press conference.,politics
Quantix Labs unveiled its latest cloud platform with improved cloud storage capabilities.,tech
The central bank decided to hold interest rates amid concerns over interest rates.,business
Lawmakers debated the proposed immigration bill in a heated parliamentary session.,politics
The election commission confirmed the results of the the referendum vote on Friday.,politics
Stock markets rallied today as investors reacted to news about inflation.,business
